dataset,format,file_gb,pipeline_reads_gb,cells,genes,molecules,browser_outcome,browser_process_s,browser_peak_gb,browser_genes_loaded,browser_error,server_outcome,server_process_s,server_peak_gb,server_tier,escalated_tier,escalated_process_s,escalated_peak_gb,upload_s,queue_s,fargate_usd,output_gb,s3_usd_month,merfisheyes_link
h5ad__140MB_cbm2_combined_neuropath,h5ad,0.132,,57489,223,,ok,2.1,1.28,223,,ok,9.0,0.27,16GB,,,,2.8,34.9,0.0032,0.028,0.0006,https://dev.merfisheyes.com/viewer/ds_4mStaHTB5N
h5ad__180MB_HubcTMA_VMSC02511_region_R2,h5ad,0.164,,45913,815,,ok,4.5,1.47,815,,ok,4.4,0.38,16GB,,,,2.2,32.8,0.003,0.017,0.0004,https://dev.merfisheyes.com/viewer/ds_qh0K7-WNVP
h5ad__190MB_HubcTMA_VMSC02511_region_R3,h5ad,0.174,,48910,815,,ok,4.6,1.52,815,,ok,3.2,0.39,16GB,,,,6.3,32.5,0.0031,0.009,0.0002,https://dev.merfisheyes.com/viewer/ds_3ovmhMpzJe
h5ad__250MB_CBM7_labeled,h5ad,0.232,,139997,223,,ok,3.4,1.59,223,,ok,9.6,0.37,16GB,,,,2.9,37.7,0.0032,0.030,0.0007,https://dev.merfisheyes.com/viewer/ds_Qpl0QwWtka
h5ad__270MB_HubcTMA_VMSC02511_region_R4,h5ad,0.248,,69911,815,,ok,6.4,2.05,815,,ok,6.6,0.45,16GB,,,,3.9,54.9,0.0034,0.025,0.0006,https://dev.merfisheyes.com/viewer/ds_dv5_xtoIvk
h5ad__290MB_HubcTMA_VMSC02511_region_R5,h5ad,0.271,,76409,815,,ok,6.8,2.12,815,,ok,6.2,0.47,16GB,,,,4.0,34.1,0.0032,0.021,0.0005,https://dev.merfisheyes.com/viewer/ds_TgkaywkQG5
h5ad__340MB_HubcTMA_VMSC02511_region_R1,h5ad,0.315,,88649,815,,ok,8.1,2.33,815,,ok,11.6,0.51,16GB,,,,3.7,30.4,0.0035,0.047,0.0011,https://dev.merfisheyes.com/viewer/ds_lHH8G8IdsY
h5ad__430MB_MsBrain_VMSC02011_region_R1,h5ad,0.398,,112060,815,,ok,10.2,2.72,815,,ok,25.5,0.59,16GB,,,,4.7,32.1,0.0045,0.112,0.0026,https://dev.merfisheyes.com/viewer/ds_0CUzAUTPXa
h5ad__440MB_mmc_MsBrain_VMSC02011_region_R1,h5ad,0.405,,112060,815,,ok,11.6,2.79,815,,ok,39.5,0.66,16GB,,,,8.2,33.9,0.0054,0.134,0.0031,https://dev.merfisheyes.com/viewer/ds_o3VrVSGwC2
h5ad__4GB_2kset2_labelled_clusters,h5ad,3.972,,125665,2088,,failed,,0.63,,"app reported: Failed to process data: The requested file could not be read, typically due to permission problems that ha",ok,125.2,1.38,16GB,,,,38.5,31.5,0.0127,0.574,0.0132,https://dev.merfisheyes.com/viewer/ds_dKeP78WWg1
h5ad__500MB_Mouse_receptors_rep2_3_adata,h5ad,0.469,,85958,649,,ok,14.3,2.76,483,,ok,40.2,0.56,16GB,,,,4.8,39.2,0.0055,0.018,0.0004,https://dev.merfisheyes.com/viewer/ds_AlCvRuL3lT
h5ad__570MB_HuBrain_VMSC16710_region_R1,h5ad,0.531,,149697,815,,ok,13.3,3.37,815,,ok,29.7,0.71,16GB,,,,7.2,31.1,0.0049,0.124,0.0028,https://dev.merfisheyes.com/viewer/ds_-PXEF6ZSyF
h5ad__cbm5_combined_neuropath,h5ad,0.511,,152568,223,,ok,4.3,1.98,223,,ok,16.4,0.39,16GB,,,,5.5,28.7,0.0037,0.074,0.0017,https://dev.merfisheyes.com/viewer/ds_EMVjFqCK9Z
h5ad__retroB30_all_BRBB_Axon_Virus_AnnotBRBBTransfer,h5ad,2.493,,3009652,992,,failed,,0.63,,"app reported: Failed to process data: The requested file could not be read, typically due to permission problems that ha",ok,3954.7,13.49,16GB,,,,23.8,29.5,0.2602,1.135,0.0261,https://dev.merfisheyes.com/viewer/ds_MkBF4ZUNql
h5ad__scdata_2000gnMERFISH_DCBB_5_9_2024__set1_FULL_corrected__wit,h5ad,2.938,,93022,2088,,failed,,0.64,,"app reported: Failed to process data: The requested file could not be read, typically due to permission problems that ha",ok,94.3,1.1,16GB,,,,26.1,44.0,0.0104,0.429,0.0099,https://dev.merfisheyes.com/viewer/ds_PHdsxCpLld
h5ad__scdata_2000gnMERFISH_DCBB_5_9_2024__set3,h5ad,0.749,,163800,275,,ok,6.8,3.01,275,,ok,26.8,0.57,16GB,,,,6.0,32.3,0.0045,0.130,0.003,https://dev.merfisheyes.com/viewer/ds_c_YoIgzLM6
h5ad__year1s_labelled_edu,h5ad,1.807,,381811,275,,ok,30.0,5.77,275,,ok,84.2,0.88,16GB,,,,18.8,35.7,0.0088,0.309,0.0071,https://dev.merfisheyes.com/viewer/ds_9Nqtp0tNYh
merscope__ed_lein_ace-irk-sag,merscope,4.508,0.45,878735,315,,failed,,5.58,,app reported: Failed to process data: Unserializable return value,error,4.3,,16GB,,,,11.1,101.9,0.0061,,0,
merscope__hum_brain2_280mb,merscope,0.302,0.302,137627,1000,,oom,,4.66,,page.waitForURL: Navigation failed because page crashed!,ok,100.6,2.69,16GB,,,,7.8,32.6,0.0095,0.050,0.0012,https://dev.merfisheyes.com/viewer/ds_znG9oP0dOU
merscope__Human_Colon_Cancer_1-2gb,merscope,1.425,1.425,706468,900,,oom,,4.69,,page.waitForURL: Navigation failed because page crashed!,ok,286.3,14.25,16GB,,,,15.1,29.4,0.022,0.145,0.0033,https://dev.merfisheyes.com/viewer/ds_LxqFp-bqNs
merscope__Human_Ovarian_Cancer_150mb,merscope,0.156,0.156,71381,550,,ok,14.2,3.1,500,,ok,42.1,0.83,16GB,,,,3.8,32.7,0.0056,0.016,0.0004,https://dev.merfisheyes.com/viewer/ds_hJF9S1AryC
merscope__Human_Uterine_Cancer_800mb,merscope,1.047,1.047,739735,550,,oom,,4.81,,page.waitForURL: Navigation failed because page crashed!,ok,576.9,9.54,16GB,,,,10.1,31.7,0.0405,0.223,0.0051,https://dev.merfisheyes.com/viewer/ds_T-MTwvdsRQ
merscope__Mouse_receptors_rep1_1_210mb,merscope,0.205,0.205,78329,649,,ok,16.0,3.2,483,,ok,40.7,1.05,16GB,,,,4.0,36.3,0.0054,0.015,0.0004,https://dev.merfisheyes.com/viewer/ds_wUamfbkChx
merscope__Mouse_receptors_rep1_2_240mb,merscope,0.233,0.233,88884,649,,ok,17.7,3.81,483,,ok,45.1,1.23,16GB,,,,3.5,40.7,0.0057,0.017,0.0004,https://dev.merfisheyes.com/viewer/ds_lkM2tDhuOs
merscope__Mouse_receptors_rep1_3_220mb,merscope,0.222,0.222,84636,649,,ok,17.3,3.68,483,,ok,43.1,1.12,16GB,,,,3.4,36.4,0.0055,0.016,0.0004,https://dev.merfisheyes.com/viewer/ds_MHGAnHiEW5
merscope__Mouse_receptors_rep2_1_220mb,merscope,0.219,0.219,83461,649,,ok,16.7,3.64,483,,ok,45.0,1.1,16GB,,,,6.4,37.2,0.0058,0.017,0.0004,https://dev.merfisheyes.com/viewer/ds_Q6fTpT_T7_
merscope__Mouse_receptors_rep2_2_220mb,merscope,0.221,0.221,84172,649,,ok,17.1,3.61,483,,ok,42.0,1.12,16GB,,,,4.0,28.6,0.0056,0.016,0.0004,https://dev.merfisheyes.com/viewer/ds_TmyeETCg8d
merscope__Mouse_receptors_rep2_3_230mb,merscope,0.226,0.226,85958,649,,ok,16.6,3.72,483,,ok,44.9,1.14,16GB,,,,4.7,30.8,0.0057,0.017,0.0004,https://dev.merfisheyes.com/viewer/ds_mhivnJq6fv
merscope__Mouse_receptors_rep3_1_190mb,merscope,0.186,0.186,70844,649,,ok,14.3,3.26,483,,ok,35.6,0.97,16GB,,,,6.8,40.1,0.0069,0.013,0.0003,https://dev.merfisheyes.com/viewer/ds_XcCNMiwG7W
merscope__Mouse_receptors_rep3_2_220mb,merscope,0.219,0.219,83461,649,,ok,17.1,3.61,483,,ok,44.6,1.11,16GB,,,,8.3,34.4,0.0057,0.017,0.0004,https://dev.merfisheyes.com/viewer/ds_rlQFQfiMbT
single-molecule__merscope-2g-ace-ear-nap-202204011403_2022040113532-csv,single-molecule,2.439,,,,32146915,timeout,,0.67,,locator.waitFor: Timeout 420000ms exceeded.,ok,178.3,5.91,16GB,,,,20.0,33.9,0.0152,0.183,0.0042,https://dev.merfisheyes.com/sm-viewer/sm_8VPiIq1FKm
single-molecule__merscope-5g-ace-dry-dog-csv,single-molecule,5.435,,,,69965035,timeout,,1.8,,locator.waitFor: Timeout 420000ms exceeded.,ok,391.6,13.72,16GB,,,,47.4,40.3,0.0306,0.393,0.009,https://dev.merfisheyes.com/sm-viewer/sm_0FEKDKnAJZ
single-molecule__merscope-800m-ace-dry-dog-csv,single-molecule,0.785,,,,10107749,timeout,,1.66,,locator.click: Timeout 420000ms exceeded.,ok,57.2,2.14,16GB,,,,6.2,42.3,0.0066,0.060,0.0014,https://dev.merfisheyes.com/sm-viewer/sm_WaUCMdyKlv
single-molecule__merscope-800m-ace-dry-dog-detected_transcripts2-csv,single-molecule,0.625,,,,8044719,timeout,,1.6,,locator.click: Timeout 420000ms exceeded.,ok,49.6,1.77,16GB,,,,6.0,42.9,0.0061,0.048,0.0011,https://dev.merfisheyes.com/sm-viewer/sm_FjNAvD7nD5
single-molecule__merscope-800m-ace-dry-dog-detected_transcripts3-csv,single-molecule,0.039,,,,499999,ok,3.1,1.01,300,,ok,2.2,0.25,16GB,,,,2.0,36.8,0.0033,0.003,0.0001,https://dev.merfisheyes.com/sm-viewer/sm_ASy9UTws-K
single-molecule__merscope-ed_lein_ace-irk-sag-csv,single-molecule,2.127,,,,26196203,timeout,,0.68,,locator.waitFor: Timeout 420000ms exceeded.,ok,142.0,5.36,16GB,,,,19.7,36.5,0.0128,0.155,0.0036,https://dev.merfisheyes.com/sm-viewer/sm_kOUJzo9K8P
single-molecule__merscope-ed_lein_ace-irk-sag-H22-30-001-CX-13-01-0-csv,single-molecule,1.53,,,,18644913,timeout,,3.01,,locator.click: Timeout 420000ms exceeded.,ok,92.4,3.96,16GB,,,,12.9,34.8,0.0097,0.110,0.0025,https://dev.merfisheyes.com/sm-viewer/sm_sINl6zARNE
single-molecule__xenium-Human_Lung_Cancer_FFPE-parquet,single-molecule,0.332,,,,32073729,ok,55.5,5.37,289,,ok,46.8,2.99,16GB,,,,3.4,40.4,0.0057,0.235,0.0054,https://dev.merfisheyes.com/sm-viewer/sm_56lgqHYyml
single-molecule__xenium-Human_Lymph_Node-parquet,single-molecule,2.776,,,,232650139,failed,,0.81,,"app reported: Failed to process data: The requested file could not be read, typically due to permission problems that ha",oom,12.8,,16GB,32GB,347.1,20.8,35.6,166.1,0.067,1.747,0.0402,https://dev.merfisheyes.com/sm-viewer/sm_BdIH7B0HMj
single-molecule__xenium-Human_Melanoma_10gb-csv,single-molecule,1.934,,,,23390260,timeout,,4.28,,locator.click: Timeout 420000ms exceeded.,ok,32.9,4.39,16GB,,,,14.8,36.8,0.0055,0.177,0.0041,https://dev.merfisheyes.com/sm-viewer/sm_zG2rGU7uAc
single-molecule__xenium-Human_Melanoma_10gb-parquet,single-molecule,0.393,,,,23651907,ok,39.3,4.54,282,,ok,34.6,2.32,16GB,,,,3.7,37.9,0.0051,0.177,0.0041,https://dev.merfisheyes.com/sm-viewer/sm_r6UKM-mxjn
single-molecule__xenium-Human_Renal_Carcinoma_50gb-parquet,single-molecule,0.954,,,,77056936,oom,,7.35,,page.waitForURL: Navigation failed because page crashed!,ok,117.8,7.16,16GB,,,,9.2,37.8,0.0106,0.547,0.0126,https://dev.merfisheyes.com/sm-viewer/sm_CcUWuqEV-R
single-molecule__xenium-Whole_mouse_pup_65gb-parquet,single-molecule,8.005,,,,669251333,failed,,0.88,,"app reported: Failed to process data: The requested file could not be read, typically due to permission problems that ha",oom,0.0,,16GB,64GB,810.4,59.44,67.6,207.3,0.2825,4.895,0.1126,https://dev.merfisheyes.com/sm-viewer/sm_Xl7SSpMvRb
single-molecule__xenium-WTA_Preview_FFPE_Breast_Cancer-parquet,single-molecule,9.411,,,,740442119,failed,,1.93,,"app reported: Failed to process data: The requested file could not be read, typically due to permission problems that ha",oom,0.0,,16GB,64GB,,,66.8,209.2,0.2588,,0,
single-molecule__xenium-WTA_Preview_FFPE_Cervical_Cancer-parquet,single-molecule,15.617,,,,1235087993,failed,,0.8,,"app reported: Failed to process data: The requested file could not be read, typically due to permission problems that ha",oom,0.0,,16GB,64GB,,,180.9,301.6,0.1858,,0,
xenium__MouseSpinalCord_Run1_Slide1_Mus_M1_F1_ace-pie-bin,xenium,0.987,0.012,208799,541,,ok,7.0,2.37,480,,ok,80.0,0.54,16GB,,,,2.4,32.1,0.0079,0.030,0.0007,https://dev.merfisheyes.com/viewer/ds_elJO59hFqo
xenium__MouseSpinalCord_Run1_Slide2_Mus_M1_F1_ace-pie-bit,xenium,1.124,0.013,226204,541,,ok,7.0,2.52,480,,ok,87.2,0.58,16GB,,,,2.1,33.5,0.0083,0.033,0.0007,https://dev.merfisheyes.com/viewer/ds_BUYEB_HH9q
xenium__MouseSpinalCord_Run2_Slide1_Mus_M2_F2_ace-pie-bog,xenium,1.03,0.014,258147,541,,ok,7.5,2.68,480,,ok,82.9,0.6,16GB,,,,2.5,44.9,0.0081,0.032,0.0007,https://dev.merfisheyes.com/viewer/ds_fj4pQy_N4S
xenium__MouseSpinalCord_Run2_Slide2_Mus_M2_F2_ace-pie-boo,xenium,0.912,0.013,239887,541,,ok,7.1,2.57,480,,ok,75.9,0.55,16GB,,,,3.0,38.6,0.0075,0.029,0.0007,https://dev.merfisheyes.com/viewer/ds_rKJul-rA-3
xenium__MouseSpinalCord_Run3_Slide1_Mus_M2_F2_ace-pie-box,xenium,0.942,0.012,214194,541,,ok,6.8,2.39,480,,ok,76.0,0.52,16GB,,,,3.7,39.5,0.0075,0.028,0.0006,https://dev.merfisheyes.com/viewer/ds_HJsUsGUcsJ
xenium__MouseSpinalCord_Run3_Slide2_Mus_M2_F2_ace-pie-bud,xenium,0.981,0.011,203848,541,,ok,6.5,2.41,480,,ok,77.6,0.53,16GB,,,,2.6,37.9,0.0078,0.029,0.0007,https://dev.merfisheyes.com/viewer/ds_1c3jHKY56g
xenium__MouseSpinalCord_Run4_Slide1_Mus_M3_F3_ace-pie-bug,xenium,1.008,0.012,214349,541,,ok,6.9,2.39,480,,ok,82.4,0.55,16GB,,,,2.3,33.0,0.008,0.030,0.0007,https://dev.merfisheyes.com/viewer/ds_K2Luj0Kief
xenium__MouseSpinalCord_Run4_Slide2_Mus_M3_F3_ace-pie-bun,xenium,1.162,0.013,238228,541,,ok,7.1,2.63,480,,ok,94.8,0.61,16GB,,,,2.6,32.1,0.0087,0.034,0.0008,https://dev.merfisheyes.com/viewer/ds_5AYMUdHBeI
xenium__MouseSpinalCord_Run5_Slide1_Mus_M4_F4_ace-pie-bus,xenium,1.162,0.012,211359,541,,ok,7.2,2.49,480,,ok,64.0,0.61,16GB,,,,2.7,35.8,0.0068,0.034,0.0008,https://dev.merfisheyes.com/viewer/ds_mYwMaO-cjE
xenium__MouseSpinalCord_Run5_Slide2_Mus_M4_F4_ace-pie-cab,xenium,1.166,0.011,200677,541,,ok,6.8,2.35,480,,ok,82.3,0.57,16GB,,,,3.3,34.1,0.0081,0.032,0.0007,https://dev.merfisheyes.com/viewer/ds_xcUz2D7JNl
xenium__MouseSpinalCord_Run6_Slide1_Mus_M5_F5_ace-pie-can,xenium,0.904,0.011,195045,541,,ok,6.6,2.31,480,,ok,72.4,0.52,16GB,,,,2.1,33.8,0.0075,0.028,0.0006,https://dev.merfisheyes.com/viewer/ds_ucwHpjvKOl
xenium__MouseSpinalCord_Run6_Slide2_Mus_M5_F5_ace-pie-cap,xenium,0.867,0.011,202387,541,,ok,6.5,2.31,480,,ok,73.8,0.51,16GB,,,,2.1,39.4,0.0074,0.027,0.0006,https://dev.merfisheyes.com/viewer/ds_ghLCbuVoFW
xenium__MouseSpinalCord_Run7_Slide1_Mus_M6_F6_ace-pie-car,xenium,0.613,0.011,201328,541,,ok,6.1,2.22,480,,ok,54.0,0.43,16GB,,,,2.1,57.7,0.0062,0.021,0.0005,https://dev.merfisheyes.com/viewer/ds_A3GA4JbD3S
xenium__MouseSpinalCord_Run7_Slide2_Mus_M6_F6_ace-pie-cat,xenium,0.666,0.011,197012,541,,ok,6.3,2.27,480,,ok,55.4,0.44,16GB,,,,2.2,31.5,0.0062,0.022,0.0005,https://dev.merfisheyes.com/viewer/ds_1K36YRoODT
xenium__MouseSpinalCord_Run8_Slide1_Mus_M7_F7_ace-pie-cop,xenium,0.906,0.011,193138,541,,ok,6.6,2.29,480,,ok,54.2,0.51,16GB,,,,2.4,29.8,0.0062,0.028,0.0006,https://dev.merfisheyes.com/viewer/ds_nqe0z7WiCo
xenium__MouseSpinalCord_Run8_Slide2_Mus_M7_F7_ace-pie-cot,xenium,0.876,0.01,182698,541,,ok,6.3,2.26,480,,ok,69.3,0.48,16GB,,,,2.0,41.6,0.0072,0.026,0.0006,https://dev.merfisheyes.com/viewer/ds_AfUc81z9V0
xenium__WTA_Preview_FFPE_Breast_Cancer,xenium,11.185,1.404,170057,27104,,ok,6.5,5.85,0,,ok,1867.7,10.61,16GB,,,,9.6,33.3,0.128,0.854,0.0197,https://dev.merfisheyes.com/viewer/ds_yhIhN0Syi9
xenium__WTA_Preview_FFPE_Cervical_Cancer,xenium,19.326,2.917,717576,27104,,ok,9.0,4.71,0,,oom,1.8,,16GB,32GB,2633.4,16.26,11.3,153.4,0.3685,1.403,0.0323,https://dev.merfisheyes.com/viewer/ds_W8PkGsW5hF
xenium__Xenium_Prime_Mouse_Pup_FFPE,xenium,9.872,1.507,1298870,13780,,ok,9.7,2.94,0,,ok,855.8,7.84,16GB,,,,6.0,42.8,0.0594,0.531,0.0122,https://dev.merfisheyes.com/viewer/ds_hfBVeNhoyu
