bilCode,bilPath
ace-owl-cry,/bil/data/f2/59/f259606d1031880e/CJ23.56.004.CX/1382036910
ace-owl-cub,/bil/data/f2/59/f259606d1031880e/CJ23.56.004.CX/1382036586
ace-owl-cup,/bil/data/f2/59/f259606d1031880e/CJ23.56.004.CX/1382042951
ace-owl-cut,/bil/data/f2/59/f259606d1031880e/CJ23.56.004.CX/1382042748
ace-owl-day,/bil/data/f2/59/f259606d1031880e/CJ23.56.004.CX/1382042618
ace-owl-den,/bil/data/f2/59/f259606d1031880e/CJ23.56.004.CX/1382042399
ace-owl-did,/bil/data/f2/59/f259606d1031880e/CJ23.56.004.CX/1382042114
ace-owl-die,/bil/data/f2/59/f259606d1031880e/CJ23.56.004.CX/1382041784
ace-owl-dig,/bil/data/f2/59/f259606d1031880e/CJ23.56.004.CX/1382041594
ace-owl-dim,/bil/data/f2/59/f259606d1031880e/CJ23.56.004.CX/1382041428
ace-owl-dip,/bil/data/f2/59/f259606d1031880e/CJ23.56.004.CX/1382040851
ace-owl-dog,/bil/data/f2/59/f259606d1031880e/CJ23.56.004.CX/1382039944
ace-owl-dry,/bil/data/f2/59/f259606d1031880e/CJ23.56.004.CX/1382037934
ace-owl-dub,/bil/data/f2/59/f259606d1031880e/CJ23.56.004.CX/1382037649
ace-owl-dud,/bil/data/f2/59/f259606d1031880e/CJ23.56.004.CX/1382036345
ace-owl-dug,/bil/data/f2/59/f259606d1031880e/CJ23.56.004.CX/1382036092
ace-owl-ear,/bil/data/f2/59/f259606d1031880e/CJ23.56.004.CX/1382035806
ace-owl-eat,/bil/data/f2/59/f259606d1031880e/CJ23.56.004.CX/1382034446
ace-owl-eel,/bil/data/f2/59/f259606d1031880e/CJ23.56.004.CX/1382033286
ace-owl-egg,/bil/data/f2/59/f259606d1031880e/CJ23.56.004.CX/1386591529
ace-owl-elf,/bil/data/f2/59/f259606d1031880e/CJ23.56.004.CX/1386591926
ace-owl-elk,/bil/data/f2/59/f259606d1031880e/CJ23.56.004.CX/1386592095
ace-owl-elm,/bil/data/f2/59/f259606d1031880e/CJ23.56.004.CX/1386592139
ace-owl-end,/bil/data/f2/59/f259606d1031880e/CJ23.56.004.CX/1386592502
ace-owl-fan,/bil/data/f2/59/f259606d1031880e/CJ23.56.004.CX/1386592917
ace-owl-far,/bil/data/f2/59/f259606d1031880e/CJ23.56.004.CX/1386593056
ace-owl-fat,/bil/data/f2/59/f259606d1031880e/CJ23.56.004.CX/1386593326
ace-owl-fed,/bil/data/f2/59/f259606d1031880e/CJ23.56.004.CX/1386593508
ace-owl-few,/bil/data/f2/59/f259606d1031880e/CJ23.56.004.CX/1386593676
ace-owl-fib,/bil/data/f2/59/f259606d1031880e/CJ23.56.004.CX/1386593903
ace-owl-fig,/bil/data/f2/59/f259606d1031880e/CJ23.56.004.CX/1386594266
ace-owl-fin,/bil/data/f2/59/f259606d1031880e/CJ23.56.004.CX/1386594304
ace-owl-fit,/bil/data/f2/59/f259606d1031880e/CJ23.56.004.CX/1386594431
ace-owl-fix,/bil/data/f2/59/f259606d1031880e/CJ23.56.004.CX/1387987396
ace-owl-fly,/bil/data/f2/59/f259606d1031880e/CJ23.56.004.CX/1388172948
ace-owl-fog,/bil/data/f2/59/f259606d1031880e/CJ23.56.004.CX/1388173119
ace-owl-foo,/bil/data/f2/59/f259606d1031880e/CJ23.56.004.CX/1388173354
ace-owl-fox,/bil/data/f2/59/f259606d1031880e/CJ23.56.004.CX/1388173549
ace-owl-fry,/bil/data/f2/59/f259606d1031880e/CJ23.56.004.CX/1388173977
ace-owl-fun,/bil/data/f2/59/f259606d1031880e/CJ23.56.004.CX/1388174236
ace-owl-gab,/bil/data/f2/59/f259606d1031880e/CJ23.56.004.CX/1388174372
ace-owl-gag,/bil/data/f2/59/f259606d1031880e/CJ23.56.004.CX/1388174589
ace-owl-gap,/bil/data/f2/59/f259606d1031880e/CJ23.56.004.CX/1388175041
ace-owl-gas,/bil/data/f2/59/f259606d1031880e/CJ23.56.004.CX/1388175124
ace-owl-gel,/bil/data/f2/59/f259606d1031880e/CJ23.56.004.CX/1388175280
ace-owl-gem,/bil/data/f2/59/f259606d1031880e/CJ23.56.004.CX/1388175626
ace-owl-get,/bil/data/f2/59/f259606d1031880e/CJ23.56.004.CX/1388176147
